,subreddit,body,created_utc
0,MensRights,‚ÄúBut that‚Äôs not the same¬°!‚Äù,1616972842
1,MensRights,"Also a point to consider is that campaign was created by an ad agency co-founded by Charles Saatchi. 

The same guy who was cautioned by police a few years ago for putting his hands round the throat of his then-wife Nigella Lawson while sat in public.

I'll not be taking lessons in behaviour from such a person.",1616972828
2,MensRights,"Yeah, she drugged them and robbed them. Not rape.",1616972816
3,MensRights,It's not. That same comparison gets made in every debate and thread related to this. It won't make any impact other than to paint you as a racist in the eyes of the person you're making the point to.,1616972806
4,MensRights,"You haven't searched the ""sOUrCEs"" you so desperately want right? Of course you didn't right?",1616972703
5,MensRights,"Saying that someone's comments about sexism is invalid because of there skin colour, very good. YOU ARE RACIST",1616972617
6,MensRights,"This seems like the nuclear option. I can't imagine him getting his job back after going public like this, and even if he did with that contract he won't keep it longer than 30 days. I hope he's got a court case lined up.",1616972597
7,MensRights,Half white but nice try,1616972566
8,MensRights,Threads like that should be more common tbh,1616972435
9,MensRights,Why would I go on a female dating strategy subreddit if I'm not a female looking to date people?,1616972382
10,MensRights,This is happening in the UK.,1616972336
11,MensRights,"The takeaway, is when a woman says stop YOU FUCKING STOP. Save the rape play for someone you know well and are comfortable with, and always use a safe word. Ladies, I'm sorry, we can't tell if you're into rape or not, so for both our sakes we should just play it safe.",1616972306
12,MensRights,And?,1616972101
13,MensRights,Cause it‚Äôs PC to shit on men.,1616972096
14,MensRights,"Look I definitely hate when people trivialize and minimize the problems faced by another group., but this post isn't really that. The title clearly States that its focused specifically on issues men face that they **aren't** sympathetic towards, or don't care about. 

It deffo looks to me as though a lot of things that they believe are trivial or unimportant men's issues (like friend zoning or tinder failure) aren't really *men's issues.* They're just things they obviously hear lots of men complain about online. 

So you could look at it as a useful indicator that a lot of women don't really hate men but are just ignorant to men's genuine issues, because they see more from subs like r/niceguys, and r/creepyPMs, than from subs like r/MensRights",1616972073
15,MensRights,"Nice try sexist hate troll...

I didn't make up the word feminazi.  It was made to describe people exactly like you.  Misandry laden hateful feminist trolls like yourself.

You also flat out lie, like even the ""best"" of feminists, pretending to care about equality when in reality all you do is attack male victims daily, and don't say ONE word to your hateful feminist cohorts like on FDS.

There isn't even a shred of truth or human decency in you.

You are human cancer.",1616971831
16,MensRights,"still sounds like a petty thing to bust your balls over, like when feminists get mad they cant upload topless pics to instagram

focus on the actual issues like the UK's plan at a curfew on guys or the fact that women in the middle east are being abused, not this

1st world problems smh",1616971745
17,MensRights,No means no,1616971736
18,MensRights,"Just off the top of my head I can think of abortion, which I would assume I have the same views on it as Feminists do.",1616971729
19,MensRights,I would say women are way more controlling especially in relationships. All dating and relationships are is catering to women‚Äôs preferences.,1616971676
20,MensRights,"Yes, you have a right to back out if kids is a deal breaker for you... you are not o lighted to stay with someone who cannot or will not meet your life needs.",1616971659
21,MensRights,"Jesus the guys in the comments internalizing misandry is depressing. So many are way to fine some of these.
The guys saying they cross the street to make room for women is ridiculous, women are far less likely to be attacked, we're literally just justifying paranoia.",1616971656
22,MensRights,Big deal. Just put on a dress when you want to go out and self identify as a woman. Lol,1616971552
23,MensRights,Well you're complaining about sexist women so yeah. You pretty much aren't allowed to do that anymore.,1616971533
24,MensRights,Link to the actual study?,1616971488
25,MensRights,"Correction, apartment block: [https://www.reddit.com/r/bestoflegaladvice/comments/l4n8fq/laops\_apartment\_complex\_has\_banned\_men\_from\_using/](https://www.reddit.com/r/bestoflegaladvice/comments/l4n8fq/laops_apartment_complex_has_banned_men_from_using/)

I will note that I use that only as a prevalent example. I presume it's fairly uncommon, but I'm sure most ""man ban's"" typically have similar exemptions!",1616971484
26,MensRights,Aimee Challenor was a Green Party candidate.... Says it all really.,1616971436
27,MensRights,You are a racist bigot.,1616971433
28,MensRights,"&gt;So I'm hoping the mods will forgive me because I could use some support from men.

Forgiveness is unnecessary. We are here help to men, regardless of their problems.  Welcome.",1616971425
29,MensRights,"Wow, did I violate a rule?",1616971348
30,MensRights,"I‚Äôd totally create one just to see how it goes, but other men would probably attack me for my history on this sub. That if the mods don‚Äôt remove the post.",1616971214
31,MensRights,"nah chief if i had a daughter that raped someone shes not my daughter, lets make that clear. rape, however often happens a shit ton more to women. im not saying it doesnt happen to men, because it does and people should he held accountable for that. what im saying is that most then that get raped, is by other men. this is not directed towards u, but if u only care about men‚Äôs experiences with rape and sexual assault when its countering womens stories then dont say u care.",1616971173
32,MensRights,"Chicks with dicks lol.

Men are strong. Men adapt and survive. Men conquer.
Men will come through this. Men aren't the kind to complain endlessly without doing something about it. Men fix things.",1616970978
33,MensRights,"""""""... hotels banning single men at pools""""'""
?
source?",1616970818
34,MensRights,"There would be hell of a backlash if there's a ""list of womens issues you aren't empathetic enough"" on r/askmen. Hope that post gets shutdown and those misandrist get their party spoiled. But I'm keeping my hopes low, knowing how much of a simp reddit has been.",1616970629
35,MensRights,"I'm from the U.S. but it seems to me that that Green Party baroness was speaking hyperbolically in an effort to make people, men particularly, understand her point of view in the matter. It had been suggested that women stay home at night and this provoked many women who were already very upset about the incident. So she was apparently just banging on her drum. As gripped by wild feminist rhetoric as the U.K. sometimes seems to be from my admittedly limited outsiders' vantage point, surely there's no real threat of a male curfew moving forward.

That said, the rhetoric in the U.K. around the disappearance of that Sara Everard is just nuts. Your women are insane. Kate Middleton going to lay flowers seemed a bit much. Of course, we have mass shootings on the daily in my country so maybe crime is more shocking to the average Briton but if so-- doesn't that belie the claim that women aren't safe at night?",1616970627
36,MensRights,"calling to defy a law in general is a bad thing... but I think this is an exception if the law passes I think people should protest men and woman should go to the street past 1800 and disobey the law.
If the uk courts have the power they should rule the law as unconstitutional (or whatever equivariant they have for it there)",1616970615
37,MensRights,?,1616970582
38,MensRights,"Feminists find it bad that there's Men who prefer big breasts, but turn around and make fun of Men for having small genitals... Feminism is a joke.",1616970551
39,MensRights,Most of the violence against women happens inside the home. Wouldn't that just mean that their abuser would spend more time with them?,1616970482
40,MensRights,If you are a man and you don't like these laws you should leave the UK and consider other places. Out of all the countries the UK is one of the countries where a lot of anti male legislation is come up with and enforced the most.,1616970449
41,MensRights,Honestly almost spit my beer out. Was that pun intended for the post?! Haha,1616970440
42,MensRights,"**a lot** /…ô Ààl…ít/ *n.* 
 1. a large number or amount; a great deal: *there are a lot of actors in the cast* | *they took a lot of abuse* | *a lot can happen in eight months* | *we had lots of fun.* 
 
 **alot** /…ôÀàl√§t/ *n.* 
 [a fictional mammalian creature with brown fur](http://4.bp.blogspot.com/_D_Z-D2tzi14/S8TRIo4br3I/AAAAAAAACv4/Zh7_GcMlRKo/s400/ALOT.png) invented by Allie Brosh, the creator of the webcomic Hyperbole and a Half. The creature was inspired by the common grammatical error writing the phrase 'a lot as 'alot.'",1616970431
43,MensRights,"Not really. Alot of people voted for Ivanka Trump in the Senate Run-Offs, and that got stolen from her via vote draining (Caught live on tv).",1616970419
44,MensRights,"Wait wait wait, wtf is that ¬´ male curfew ¬ª thing ? Do they really think about having men having a curfew but not women ???? What the actual fuck is that",1616970412
45,MensRights,"Hillary is corrupt. She deleted e-mails, she sent our Troops to die in Benghazi, and she even has people murdered who testify against her and her Husband.",1616970246
46,MensRights,Only if Reddit admins gave a shit about men then we wouldn‚Äôt have subs like FDS and posts like this,1616970169
47,MensRights,"So, they really believe the curfew will stop the criminals. Good luck with that. More punishing the majority for the actions of a few. It's outrageous. As if dating wasn't hard enough with today's standards. Even asking a Woman on a date can be described as sexual intimidation. Makes me thankful that I married 20 year's ago.",1616970158
48,MensRights,"The fuck is wrong with you, racist. It doesn't matter his skin color it's not ok.",1616970157
49,MensRights,Reddit admins never act.,1616970120
50,MensRights,"Don't alienate Dems we need everyone on are side. Dem, Republican, green, libertarian, socialist, commy bastards.",1616970079
51,MensRights,Report it and get it banned.,1616969832
52,MensRights,"(About the title, I always though that the best thing a man can do is stop taking his self esteem from women. There is not reason to think about them as morally superior or particularly good, so their opionion about you shouldn't matter. MGTOW certainly got this right.)",1616969781
53,MensRights,"Do whatever you like, even if it means you're 'turning into a woman'. We're the kings of our world!",1616969764
54,MensRights,All I know is that criminals love to obey laws!,1616969704
55,MensRights,So you‚Äôre just lying and spouting bullshit.,1616969580
56,MensRights,Sure you are...  ü§£ü§£ü§£,1616969524
57,MensRights,I didn‚Äôt make the claim; you did. It‚Äôs your job to support it.,1616969507
58,MensRights,"&gt;Would you be ok with using a pocket pussy instead of having real sex? I sure as hell wouldn't.

And if I complain about it I am an ""incel."" They can satisfy themselves with dildos just as I do with masturbation. That whole thing is them being bullies, just as I would be if I started to complaing in the internet that my girlfriend has small tits.",1616969491
59,MensRights,"I can't help but think of the 2 ironies here:


1) Any such curfew would likely have a similar impact as gun free zones in otherwise gun present environments.
Those who want to do harm will know there's even less chance of being stopped

2) It's reported that the guy charged with the most recent prominent murder had a female accomplice in her thirties.
I'm sure any curfew would likely have exemptions for couples (like when you see hotels banning single men at pools)


It's almost like... It wouldn't work?",1616969433
60,MensRights,Can you send me an article please?,1616969424
61,MensRights,"&gt;Ok, why should you or any man on this planet demonize feminism and everyone who chooses to call themselves feminist?

You didn't even read my previous reply did you...

&gt;So I am sorry that I phrased the wrongs wrong, I am new to this. I‚Äôm simply here to learn more about the male experience 

No, you're not. You simply posting crappy nonsensical patronising BS.  That's all. EOS.",1616969420
62,MensRights,Well now you've just gone and spoiled it,1616969417
63,MensRights,"Because a few men are crazy we should ban all men from being outside after 6pm according to them?

Imagine if you said something like ""all muslims must stay indoors because some of them are terrorists"". That would be insanely racist (for good reason). Why is this proposal even a thing...",1616969383
64,MensRights,And obligation is your only consideration.,1616969372
65,MensRights,Coudnt have said it better myself,1616969303
66,MensRights,"Did you actually use the term coomer? God, this 'insult' is so pathetic. XD",1616969232
67,MensRights,"With BDSM ppl consent beforehand but the fact is there are plenty of women who dont explicitly say what they want and just expect the man to know.

&gt;Now thinking about it, this post must either be written by an incel making excuses for himself or a shill trying to start shit. Which are you?

I'm trying to bring light to this huge issue, if that makes u mad thats not my prob.",1616969218
68,MensRights,"Actually, women have lower chances to be a victim of a violent crime. Hell, in many places a women raping a men is not consider legally rape. Also, women also watch porn, in fact, for what I read, women are the biggest consumers of violente pornography, such as rape porn.",1616969165
69,MensRights,"17% downvotes on the women's one, and let's assume about half are the equivalent of people who'd downvote the men's one, that's still going to be way more than the downvotes on the men's.

The real observation is the difference in enthusiasm.  How is it, in a world where supposedly everything is about serving men, people only give a shit about protecting women from sexual harassment, from men?",1616969156
70,MensRights,Very true unfortunately,1616969070
71,MensRights,"&gt;Men already have rights so I dont get it. Its women who get oppressed, either visibly or invisibly. Men dont have to fear getting murdered when they just mind their business.

Women have more rights and privileges than men.

&gt; ‚ÄúPrivilege is invisible to those who already have it‚Äù. xx

Yes, such as yourself and other women. Now fuck off, you pathetic misandrist.",1616969054
72,MensRights,"Those guys are just angry because feminists don't want anything with aLpHaS like them anymore, I want nothing to do with them. And conservatives and Dworkin style feminists where always allied.",1616969022
73,MensRights,"Yep, that's about how much of a fuck we're worth to them.",1616968973
74,MensRights,Yeah this ain't it but don't compare it to fucking sundown towns. I'd bet $100 OP is white smfh,1616968856
75,MensRights,"Lying has nothing to do with trust. She can lie regardless of how Ia man may believe in her.

Your second point doesn't make a stand because of my first point

For the third point, the woman gets a lot of leverage in bodily autonomy and cs from the ""father"" of the child. There are numerous cases where women are awarded huge amounts of money in family court and then go back to get even more money awarded to them. Family court is used as a weapon against men and that is partly because of how much leverage women have over the ""fathers"" finances because women are awarded primary custody more than men and just the bodily autonomy they have. If women can fully decide what happens to the fetus that is fine but men should get a say in when or not he wants to stay.

For the last point, what doe you suggest as a fair or equal way to relieve the biased court system? MRAs are making suggestions but you seem to be against what is currently in the replies",1616968713
76,MensRights,"And I fell for you when you used the word ""epistemology"" in relation to ""feminism"" ‚Äî¬†and you weren't joking! ü§°üî´",1616968647
77,MensRights,This actually can't be real,1616968544
78,MensRights,"Do not go to the crossposted sub and vote or comment. Brigading and vote manipulation are against Reddit's rules.

*I am a bot, and this action was performed automatically. Please [contact the moderators of this subreddit](/message/compose/?to=/r/MensRights) if you have any questions or concerns.*",1616968403
79,MensRights,"Comparing me to a nazi and suggesting I spout hate speech is far more of a personal attack than anything I have ever engaged in. 

Kind of makes sense that you are more likely to be banned than someone engaging in civil discussion like myself.",1616968322
80,MensRights,"A few people saw this as an attack of feminism.  The OP was making feminist look bad according to them because they posted this.  Some even said there was no way this could be real because men don't face misandry in the real world.

It turns out this was actually created by a well known feminist group in the UK.  A fact that we wouldn't have found out if feminists hadn't shown up with a guilty conscious to preemptively say ""this isn't what feminism is supposed to be about"" (they said this before anyone even mentioned feminism).

A lot of people seem pretty open about this being harmful to men and their mental health though.  It's not that bad of a sub and it has a goal in line with the men's rights movement: addressing mental health problems from a male perspective.",1616968319
81,MensRights,"Eh, the CDC study I was referencing was done as phone surveys. These aren't really reported so I wouldnt say that for the CDC study as much.",1616968233
82,MensRights,"There is a proposal in the UK to put a 6PM curfew for men so they don't ""harm women.""",1616968222
83,MensRights,This coming from people who hardly are Gisele B√ºndchen.,1616968179
84,MensRights,Right. Good point,1616968150
85,MensRights,"I'm a woman studying a STEM subject and what's funny to me is that, during school, we were shown presentations that actively tried to encourage and persuade girls to pick STEM subjects. Even after active encouragement, there were very few females who chose those subjects. And yet, the unequal outcome still sparks outrage. 

I've also met a couple of feminist types who usually congratulate me after I inform them about the subject I study, before going on a tangent about how important it is to have more women in STEM to combat the inequality. I usually just question why they decided, as women, not to study those subjects themselves if its so important that we have more women in STEM specifically. Usually the answer is that they were interested in something else...",1616968058
86,MensRights,Resegregation. Except this time it's okay because they're choosing to do it to themselves in order to avoid the evil whites.,1616967940
87,MensRights,Manhood.. that's what a call my wiener..,1616967837
88,MensRights,"Great, to bad it took a decade.",1616967836
89,MensRights,Is this satire or are you serious?,1616967814
90,MensRights,"Nah as a woman I completely agree that female-spaces are very fucking toxic. Going to Girl Scout camp was miserable because everyone was at everyone‚Äôs throats all the time. Part of the reason I like hanging out with guys more, they are so much more chill and don‚Äôt worry about gossiping and shit.",1616967640
91,MensRights,"Sometimes people have to work gig jobs to make ends meet because they're underpaid at a regular, student or have a sick family member or they simply have no choice. The gig economy seems to take full advantage of these people, making them essentially  slaves. Sure people dont need to eat either its their choice to consume food or its their choice to have shelter i guess.",1616967551
92,MensRights,"I recommend not reading the comments on that thread unless you want your blood to boil. Most seem fine with men restricting who they speak to on the basis of their sex, they just find a ""nice"" way to dress up that notion. It's their rationalization of sexism trying to protect themselves from treating a sex as inherently threatening or inferior based on their prejudices.

And that's how this ad makes me feel -- as though whoever made it has an anti-male prejudice.",1616967410
93,MensRights,I stg if they actually pass a male curfew,1616967332
94,MensRights,"This looks like something for /r/menkampf. Just how hysterical are UK women anyway, if this is how they treat men?",1616967310
95,MensRights,"You don't know how to use Google?  Because if you can't use Google to simply search it yourself, then clearly you wouldn't even be able to read any source I provide you.  Not a coward, just don't give enough of a fuck about some dumbass on the internet to waste my time searching shit for you.

Type ""social media narcissism"" into Google and you can do the rest yourself like a big boy/girl.",1616967242
96,MensRights,"Sounds like one day, all us men will have to wear tracking ankle bracelets with live video feeds on us just to go for a walk.",1616967206
97,MensRights,It already is worst i dont know what is gonna happen next,1616967194
98,MensRights,"I dunno, the guy sounds like an utter douche-nozzle. You can adopt kids or try IVF. This was a person who you were pledging to be with for the rest of your life, in sickness or in health, not some random baby factory.",1616967192
99,MensRights,"Lol, that is the point of no return...",1616967107
